{
  "number_of_shows": {
    "mean": 1.0901548672566372,
    "std": 0.4683123018721218
  },
  "avg_tickets_sold": {
    "mean": 3319.841814159292,
    "std": 6597.696316055519
  },
  "avg_gross_usd": {
    "mean": 433518.0588219026,
    "std": 1130817.0343723139
  },
  "avg_event_capacity": {
    "mean": 3716.7118362831857,
    "std": 6702.9074717552485
  },
  "avg_capacity_sold": {
    "mean": 75.16371681415929,
    "std": 27.011501575987918
  },
  "ticket_price_min": {
    "mean": 36.26004977876106,
    "std": 22.51808670938099
  },
  "ticket_price_max": {
    "mean": 108.87817477876105,
    "std": 183.55055637820803
  },
  "ticket_price_avg": {
    "mean": 59.72642699115045,
    "std": 53.39526669295842
  },
  "gt_avg_13w": {
    "mean": 0.0020650910477194215,
    "std": 0.012886004034700818
  },
  "gt_max_13w": {
    "mean": 0.00296502588056941,
    "std": 0.017138805719106327
  },
  "gt_std_13w": {
    "mean": 0.0004726334340193213,
    "std": 0.0024760754551496995
  },
  "gt_momentum_13w": {
    "mean": -4.6744072830551626e-05,
    "std": 0.003633817193911592
  },
  "wiki_avg_views_30d": {
    "mean": 1056.9497483540606,
    "std": 2305.2033947124187
  },
  "historical_concerts": {
    "mean": 110.34347345132744,
    "std": 128.04004134487136
  },
  "days_since_last_album": {
    "mean": 1251.455412861827,
    "std": 1748.3952727034718
  },
  "market_population": {
    "mean": 4944715.982853983,
    "std": 5233594.058300047
  },
  "past_year_avg_tickets": {
    "mean": 3479.4673122741747,
    "std": 6739.607677077462
  },
  "median_income": {
    "mean": 84216.5170261067,
    "std": 16047.664412845845
  },
  "career_age": {
    "mean": 0.006382793318567768,
    "std": 0.9996712730700495
  },
  "baseline_ticket_price": {
    "mean": 56.53920630530973,
    "std": 45.6401961109257
  },
  "log_price_premium": {
    "mean": 0.0005952799443802291,
    "std": 0.3567898944485001
  }
}